type,name,notice,furigana,furigana
もえるごみ,雨具（カッパ）,,あ,あまぐ
もえるごみ,雨具,,あ,あまぐ
,雨戸,許可業者に処理を依頼してください。,あ,あまど
,編み機,許可業者に処理を依頼してください。,あ,あみき
その他金属,アンプ,,あ,あんぷ
その他金属,アイロン,,あ,あいろん
もえるごみ,アルバム,金属部分は外し、その他金属）で出し、紙の部分は、ばらしてもえるごみとして出してください。,あ,あるばむ
缶類,油缶,油をよく切って、素材別（スチール・アルミ）に回収容器へ入れてください。,あ,あぶらかん
もえるごみ,油紙,,あ,あぶらがみ
缶類,アルミ缶,,あ,あるみかん
その他金属,アルミ鍋,持ち手、取っ手は外す必要はありません。,あ,あるみなべ
,アイロン台,金属部分は取り外してください。,あ,あいろんだい
,アルミサッシ,許可業者に処理を依頼してください。,あ,あるみさっし
その他金属,安全ピン,,あ,あんぜんぴん
もえるごみ,足ふきマット,指定袋に入らない場合は、クリーンセンターへ持ち込んでください。,あ,あしふきまっと
うめたてごみ,アクセサリー類,,あ,あくせさりーるい
その他金属,あんか（電気）,,あ,あんか（でんき）
,網戸（アルミ製）,許可業者に処理を依頼してください。,あ,あみど（あるみせい）
その他金属,アンテナ（パラボラ）,,あ,あんてな（ぱらぼら）
,アコーディオンカーテン,許可業者に処理を依頼してください。,あ,あこーでぃおんかーてん
紙類,アルミホイルの箱・芯,その他紙類の分類で出してください。,あ,あるみほいるのはこ・しん
その他金属,アンテナ（金属製）,,あ,あんてな（きんぞくせい）
,網戸（プラスチック製）,戸枠と網の部分を解体し、クリーンセンターへ持ち込んでください。,あ,あみど（ぷらすちっくせい）
うめたてごみ,アルミホイル（アルミ箔）,,あ,あるみほいる（あるみはく）
,アタッシュケース（金属）,許可業者に処理を依頼してください。,あ,あたっしゅけーす（きんぞく）
うめたてごみ,アルミガード（レンジ回り）,,あ,あるみがーど（れんじまわり）
もえるごみ,アイスノン（冷却枕）,,あ,あいすのん（れいきゃくまくら）
,アタッシュケース（革・布）,,あ,あたっしゅけーす（かわ・ぬの）
プラスチック製容器包装,油（食用）のボトルのふた,,あ,あぶら（しょくよう）のぼとるのふた
びん類,油（食用）のボトル（びん）,油をよく切って、びんの色別に分別して出してください。,あ,あぶら（しょくよう）のぼとる（びん）
その他金属,アルミホイルの箱の刃（金属製）,,あ,あるみほいるのはこのは（きんぞくせい）
もえるごみ,アルミホイルの箱の刃（プラスチック製）,,あ,あるみほいるのはこのは（ぷらすちっくせい）
プラスチック製容器包装,油（食用）のボトル(プラスチック製）,中をきれいにして出してください。中身の油がとれない場合はもえるごみで出してください。,あ,あぶら（しょくよう）のぼとる（ぷらすちっくせい）
プラスチック製容器包装,油（食用）のボトル（プラスチック製）のラベル,,あ,あぶら（しょくよう）のぼとる（ぷらすちっくせい）のらべる
,石,許可業者に処理を依頼してください。,い,いし
もえるごみ,衣類,※指定１6品目以外は、さい断してもえるごみで出してください（４ページ参照,い,いるい
うめたてごみ,入れ歯,,い,いれば
うめたてごみ,イヤホン,,い,いやほん
缶類,一斗缶,油缶などは必ず油切りした後、回収容器に入れてください。,い,いっとかん
びん類,一升びん,汚れのないもの。,い,いっしょうびん
,いす（木製）,壊して持ち込んでください。（壊せない場合は許可業者,い,いす（もくせい）
,板又は丸木,太さ5cm、長さ2ｍ以内に裁断し、直径60_程度に束ねてクリーンセンターへ持ち込んでください。,い,いたまたはまるき
,いす（複合素材）,許可業者に処理を依頼してください。,い,いす（ふくごうそざい）
うめたてごみ,インク（ガラス容器）,中身を使い切って出してください。残ってしまったインクは、布等に染み込ませて、もえるごみで出してください。,い,いんく（がらすようき）
もえるごみ,いす（プラスチック製）,,い,いす（ぷらすちっくせい）
その他金属,一輪車（玩具用）,タイヤ、サドルは付いたまま出せます。,い,いちりんしゃ（がんぐよう）
その他金属,衣裳箱（金属製）,,い,いしょうばこ（きんぞくせい）
,一輪車（農業用）,許可業者に処理を依頼してください。,い,いちりんしゃ（のうぎょうよう）
もえるごみ,インク（リボン・カートリッジ）,リサイクル可能なプリンターカートリッジは、販売店の店頭回収へ出してください。,い,いんく（りぼん・かーとりっじ）
うめたてごみ,石綿（あんか等の耐熱材）,,い,いしわた（あんかなどのたねつざい）
もえるごみ,印鑑（木製・プラスチック）,,い,いんかん（もくせい・ぷらすちっくせい）
,衣装箱(木製・プラスチック製）,木製の場合は壊して持ち込んでください。（壊せない場合は許可業者,い,いしょうばこ（もくせい・ぷらすちっくせい）
もえるごみ,浮き輪,,う,うきわ
もえるごみ,運動着,,う,うんどうぎ
もえるごみ,ウレタンマット,指定袋に入らない場合、裁断できない場合はクリーンセンターへ持ち込んでください。,う,うれたんまっと
うめたてごみ,植木鉢（陶器）,大型のものは細かく割って出し、指定袋に入らない物はクリーンセンターへ持ち込んでください。,う,うえきばち（とうき）
びん類,ウィスキー・ブランデーのびん,中を水ですすぎ色別のコンテナに入れてください。,う,うぃすきー・ぶらんでーのびん
もえるごみ,植木鉢（プラスチック製）,指定袋に入らない場合はクリーンセンターへ持ち込んでください。,う,うえきばち（ぷらすちっくせい）
その他金属,植木用支柱（金属）,１ｍ以内に折り曲げるか切って出してください。（折り曲げられない又は切れない場合は許可業者,う,うえきようしちゅう（きんぞく）
もえるごみ,植木用支柱（プラスチック製）,指定袋に入らない場合はクリーンセンターへ持ち込んでください。,う,うえきようしちゅう（ぷらすちっくせい）
その他金属,ウォークマン（テープ・ＣＤ・ＭＤ）,テープ、ＣD、MDはもえるごみで出してください。,う,うぉーくまん（てーぷ・しーでぃー・えむでぃー）
紙類,絵本,本・雑誌の分類で出してください。,え,えほん
もえるごみ,鉛筆,,え,えんぴつ
,エレクトーン,許可業者に処理を依頼してください。,え,えれくとーん
,塩ビパイプ,クリーンセンターへ持ち込んでください。,え,えんびぱいぷ
,液晶テレビ,家電リサイクル法対象家電（11ページ参照,え,えきしょうてれび
その他金属,延長コード,ドラムのないものに限ります。,え,えんちょうこーど
,エアコン（家庭用）,家電リサイクル法対象家電（11ページ参照,え,えあこん（かていよう）
うめたてごみ,絵の具のチューブ（金属製）,使いきって出してください。,え,えのぐのちゅーぶ（きんぞくせい）
プラスチック製容器包装,絵の具のチューブ（プラスチック）,中をきれいにして出してください。中身が残っているものはもえるごみで出してください。,え,えのぐのちゅーぶ（ぷらすちっく）
その他金属,鉛筆けずり機（手動式・電動式）（金属製）,受け皿のプラスチック部分はもえるごみで出してください。,え,えんぴつけづりき（しゅどうしき・でんどうしき）（きんぞくせい）
せん定木・落ち葉,落ち葉,砂利、プラスチック等異物を取り除いて透明なビニール袋に入れください。混ざった場合は、もえるごみ指定袋でもえるごみとして出してください。,お,おちば
,汚泥,許可業者に処理を依頼してください。,お,おでい
,おまる,,お,おまる
,オルガン,許可業者に処理を依頼してください。,お,おるがん
缶類,オイル缶,オイルを切り、一斗缶までの大きさまで出せます。,お,おいるかん
うめたてごみ,オルゴール,乾電池は取り外して出してください。,お,おるごーる
,オートバイ,販売店へ処理を依頼してください。（１２ページ参照,お,おーとばい
その他金属,オイルヒーター,,お,おいるひーたー
,応接セット,許可業者に処理を依頼してください。,お,おうせつせっと
その他金属,オーブントースター,,お,おーぶんとーすたー
もえるごみ,おむつ（紙・布）,汚物は取り除いて汚物として処理してください。,お,おむつ（かみ・ぬの）
その他金属,おたま（金属製）,,お,おたま（きんぞくせい）
有害ごみ,温度計（水銀）,,お,おんどけい（すいぎん）
,オイル（エンジンオイル）,販売店または許可業者に処理を依頼してください。,お,おいる（えんじんおいる）
うめたてごみ,温度計（アルコール）,,お,おんどけい（あるこーる）
その他金属,おろしがね（金属製）,,お,おろしがね（きんぞくせい）
うめたてごみ,おもちゃ（複合素材製）,指定袋に入らない場合は、クリーンセンターへ持ち込んでください。,お,おもちゃ（ふくごうそざいせい）
うめたてごみ,おろしがね（セラッミックス製）,,お,おろしがね（せらみっくすせい）
もえるごみ,おろしがね（プラスチック製）,,お,おろしがね（ぷらすちっくせい）
もえるごみ,桶（木製・プラスチック製）,指定袋に入らない場合はクリーンセンターへ持ち込んでください。,お,おけ（もくせい・ぷらすちっくせい）
もえるごみ,おもちゃ（プラスチック・木製）,指定袋に入らないものはクリーンセンターへ持ち込んでください。,お,おもちゃ（ぷらすちっく・もくせい）
もえるごみ,お盆（木製・プラスチック製）,指定袋に入らない場合はクリーンセンターへ持ち込んでください。,お,おぼん（もくせい・ぷらすちっくせい）
,家具,許可業者に処理を依頼するか、ガラスと金属をとり、板状にしてクリーンセンターへ持ち込んでください。,か,かぐ
その他金属,傘,布、ビニールは取り外し、、もえるごみとして出してください。,か,かさ
その他金属,鎌,,か,かま
うめたてごみ,鏡,,か,かがみ
もえるごみ,かばん,,か,かばん
その他金属,カメラ,デジタルカメラも含みます。,か,かめら
,瓦,許可業者に処理を依頼してください。,か,かわら
もえるごみ,貝殻,貝殻の置物はうめたてごみで出してください。,か,かいがら
その他金属,加湿器,,か,かしつき
うめたてごみ,軽石,,か,かるいし
缶類,缶類,アルミとスチールに分別し、ごみステーションの回収容器に入れてください。,か,かんるい
もえるごみ,カーテン,指定袋に入らない場合はクリーンセンターへ持ち込んでください。,か,かーてん
その他金属,換気扇,,か,かんきせん
,カーペット,６畳以上の物は半分に切って、クリーンセンターへ持ち込んでください。,か,かーぺっと
その他金属,カミソリの刃,,か,かみそりのは
もえるごみ,革製品,,か,かわせいひん
もえるごみ,乾燥剤,,か,かんそうざい
もえるごみ,カーボン紙,,か,かーぼんせい
その他金属,カセットコンロ,ガスボンベは必ず外して出してください。,か,かせっとこんろ
もえるごみ,カセットテープ,,か,かせっとてーぷ
その他金属,カセットデッキ,,か,かせっとでっき
その他金属,カラオケセット,小型家電類として出してください。（出せるサイズは５ページ参照,か,からおけせっと
,カラーボックス,板状にしてクリーンセンターへ持ち込んでください。,か,からーぼっくす
その他金属,カーオーディオ,,か,かーおーでぃお
その他金属,懐中電灯,電池を取り除いて出してください。,か,かいちゅうでんとう
その他金属,カッターナイフ（刃）,,か,かったーないふ（は）
,簡易焼却炉,許可業者に処理を依頼してください。,か,かんいしょうきゃくろ
,乾燥機（衣類）,家電リサイクル法対象家電（11ページ参照,か,かんそうき（いるい）
その他金属,乾燥機（食器）,,か,かんそうき（しょっき）
もえるごみ,カイロ（使いきり型）,,か,かいろ（つかいきりがた）
うめたてごみ,花瓶（陶器・ガラス）,,か,かびん（とうき・がらす）
もえるごみ,紙粘土・油粘土,少量なものはもえるごみで出してください。多量の場合はクリーンセンターへ持ち込んでください。,か,かみねんど・あぶらねんど
うめたてごみ,カッターナイフ（本体）,,か,かったーないふ（ほんたい）
もえるごみ,感熱紙（ＦＡＸ用紙）,,か,かんねつし（ふぁっくすようし）
その他金属,カミソリ一本型（金属製）,刃もいっしょにその他金属）で出してください。,か,かみそりいっぽんがた（きんぞくせい）
もえるごみ,カミソリT型（プラスチック製）,刃を取り除く必要はありません。,か,かみそりてぃがた（ぷらすちっくせい）
もえるごみ,紙パック（内側にアルミコーティングのあるもの,,か,かみぱっく（うちがわにあるみこーてぃんぐがあるもの）
紙類,紙パック（内側にアルミのコーティングが無いもの）,紙パックの分類で出してください。,か,かみぱっく（うちがわにあるみこーてぃんぐがないもの）
その他金属,画鋲,,が,がびょう
その他金属,ガステーブル,乾電池は、抜いて出してください。,が,がすてーぶる
もえるごみ,額縁（外枠）,指定袋に入る大きさにして出してください。ガラスはうめたてごみで出してください。,が,がくぶち（そとわく）
缶類,ガスボンベ（カセット）,使い切った後、穴開け道具等で穴を開け、必ずガスを抜いてステーションの回収容器に入れてください。,が,がすぼんべ（かせっと）
その他金属,ガス湯沸し器（家庭用）,,が,がすゆわかしき（かていよう）
うめたてごみ,ガラス板（ガラス・コップ・皿）,,が,がらすいた（がらす・こっぷ・さら）
,鏡台,許可業者に処理を依頼してください。,き,きょうだい
,金庫（その他）,許可業者に処理を依頼してください。,き,きんこ（そのた）
紙類,教科書・ノート,雑誌の分類で出してください。,き,きょうかしょ・のーと
うめたてごみ,急須（陶器製）,,き,きゅうす（とうきせい）
その他金属,脚立（金属製）,三段の小さいものはその他金属で出してください。それ以外は許可業者に処理を依頼してください。,き,きゃたつ（きんぞくせい）
その他金属,急須（金属製）,,き,きゅうす（きんぞくせい）
その他金属,給油ポンプ（電池使用）,電池は必ず抜いて出してください。,き,きゅうゆぽんぷ（でんちしよう）
その他金属,金庫（携帯型に限る）,,き,きんこ（けいたいがたにかぎる）
もえるごみ,給油ポンプ（プラスチック製）,,き,きゅうゆぽんぷ（ぷらすちっくせい）
紙類,牛乳パック,紙パックの分類で出してください。,ぎ,ぎゅうにゅうぱっく
その他金属,釘,,く,くぎ
もえるごみ,靴（運動靴・登山靴・長靴等）,,く,くつ
その他金属,鎖,,く,くさり
もえるごみ,靴下,,く,くつした
もえるごみ,靴べら,,く,くつべら
もえるごみ,クレヨン,,く,くれよん
もえるごみ,クッション,指定袋に入らないものはクリーンセンターへ持ち込んでください。,く,くっしょん
もえるごみ,草（刈り草）,刈り草に限り、せんてい木）の収集日に透明なビニール袋に入れて出してください。根がついたものや砂や土等の異物が混入したものはもえるごみで出してください。,く,くさ（かりくさ）
,クーラーボックス,,く,くーらーぼっくす
その他金属,空気清浄機,,く,くうきせいじょうき
その他金属,草刈り機（電動）,エンジン付草刈機は許可業者に依頼してください。,く,くさかりき（でんどう）
その他金属,口紅の容器（金属製）,使い切って出してください。,く,くちべにのようき（きんぞくせい）
プラスチック製容器包装,口紅の容器（プラスチック製）,使い切って出してください。,く,くちべにのようき（ぷらすちっくせい）
もえるごみ,グローブ,,ぐ,ぐろーぶ
うめたてごみ,グローランプ（点灯管）,,ぐ,ぐろーらんぷ（てんとうかん）
もえるごみ,蛍光ペン,,け,けいこうぺん
,携帯電話,販売店へ処分を依頼してください。,け,けいたいでんわ
,建築廃材,許可業者に処理を依頼してください。,け,けんちくはいざい
びん類,化粧品のびん,必ず使いきって出してください。中身を洗っても落ちないもの、乳白色の物、割れた物は、うめたてごみで出してください。,け,けしょうひんのびん
うめたてごみ,鍵盤ハーモニカ,,け,けんばんはーもにか
その他金属,蛍光灯（本体のみ）,,け,けいこうとう（ほんたいのみ）
もえるごみ,蛍光灯のかさ（プラスチック・木製）,指定袋に入らないものはクリーセンターへ持ち込んでください。,け,けいこうとうのかさ（ぷらすちっく・もくせい）
有害ごみ,蛍光管（電球型蛍光灯を含む）,割らずに購入時の空箱に入れて出してください。空箱等がない場合は透明な袋に入れて出してください。,け,けいこうかん（でんきゅうがかたけいこうとうをふくむ）
もえるごみ,玄関マット,指定袋に入らないものはクリーセンターへ持ち込んでください。,げ,げんかんまっと
その他金属,ゲーム機（家庭用）,,げ,げーむき（かていよう）
うめたてごみ,ゲームソフト(家庭用）,,げ,げーむそふと（かていよう）
その他金属,こたつ,分解して電気部分は小型家電類）、それ以外はクリーンセンター持ち込んでください。,こ,こたつ
,コピー機,許可業者に処理を依頼してください。,こ,こぴーき
,こたつ板,,こ,こたついた
,コンクリート,許可業者に処理を依頼してください。,こ,こんくりーと
びん類,香水のびん,必ず使い切ってください。乳白色びんはうめたてごみで出してください。,こ,こうすいのびん
うめたてごみ,コップ（ガラス器）,,こ,こっぷ（がらすき）
紙類,米袋（紙製）,内側がビニールでコーティングされているものは、もえるごみで出してください。,こ,こめぶくろ（かみせい）
もえるごみ,コップ（プラスチック器）,,こ,こっぷ（ぷらすちっくき）
その他金属,米びつ（金属製）,,こ,こめびつ（きんぞくせい）
その他金属,コーヒーメーカー本体,ガラス部分はうめたてごみとして出してください。,こ,こーひーめーかーほんたい
プラスチック製容器包装,米袋（ビニール製）,,こ,こめぶくろ（びにーるせい）
その他金属,工具類（電動は除く）,電動工具は小型家電類で出してください。,こ,こうぐるい（でんどうはのぞく）
もえるごみ,ござ,指定袋に入らないものはクリーンセンターへ持ち込んでください。,ご,ござ
もえるごみ,ゴム手袋,,ご,ごむてぶくろ
,ゴルフクラブ,,ご,ごるふくらぶ
,ゴルフバッグ,,ご,ごるふばっく
もえるごみ,ゴルフボール,,ご,ごるふぼーる
もえるごみ,ゴルフシューズ,,ご,ごるふしゅーず
うめたてごみ,皿（陶器・ガラス製）,,さ,さら
もえるごみ,財布,,さ,さいふ
もえるごみ,サンダル,,さ,さんだる
うめたてごみ,サングラス,,さ,さんぐらす
,サイドボード,許可業者に処理を依頼してください。,さ,さいどぼーど
もえるごみ,作業服,,さ,さぎょうふく
,サーフボード,許可業者に処理を依頼してください。,さ,さーふぼーど
もえるごみ,サンドペーパ,,さ,さんどぺーぱー
缶類,サラダ油の容器（缶）,油を切って、スチールとアルミに分別し回収容器へ入れてください。,さ,さらだあぶらのようき（かん）
その他金属,三輪車（金属製）,タイヤ、チューブ、サドル等はついたまま出せます。,さ,さんりんしゃ（きんぞくせい）
もえるごみ,三輪車（プラスチック製）,,さ,さんりんしゃ（ぷらすちっくせい）
プラスチック製容器包装,サラダ油の容器（プラスチック製）,中をきれいにして出してください。中身の油がとれない場合はもえるごみで出してください。,さ,さらだあぶらのようき（ぷらすちっくせい）
その他金属,座椅子,金属部と可燃部分を分解し、金属は「その他金属」、可燃部分は「もえるごみ」で出してください。,ざ,ざいす
,座卓,,ざ,ざたく
紙類,雑誌,,ざ,ざっし
,座布団,,ざ,ざぶとん
その他金属,ざる（金属製）,,ざ,ざる（きんぞくせい）
もえるごみ,ざる（プラスチック製）,指定袋に入らないものはクリーンセンターへ持ち込んでください。,ざ,ざる（ぷらすちっくせい）
もえるごみ,漆器,指定袋に入らないものはクリーンセンターへ持ち込んでください。,し,しっき
衣類（綿製品）,シーツ,,し,しーつ
うめたてごみ,七厘,解体して、うめたてごみ指定袋に入れて出してください。,し,しちりん
紙類,書籍,雑誌の区分として出してください。布張りなどの表紙は取り除いてもえるごみとして出してください。,し,しょせき
もえるごみ,湿布薬,,し,しっぷやく
,消火器,販売店に処理を依頼してください。,し,しょうかき
紙類,新聞紙,,し,しんぶんし
,食器棚,許可業者に処理を依頼してください。板状にした場合はクリーンセンターに持ち込んでください。,し,しょっきだな
もえるごみ,写真用紙,プリンターによる印刷写真も含まれます。,し,しゃしんようし
てんぷら油,油（食用油）,各区の指定場所に、設置するポリタンクへ移し替えてください持込時間8:00〜10:00)（６ページ参照,し,しょくようあぶら
その他金属,瞬間湯沸し器,ＬＰガスを使用する製品をいいます。,し,しゅんかんゆわかしき
その他金属,ＣＤラジカセ,,し,しーでぃーのらじかせ
もえるごみ,ＣＤ（メディア）,,し,しーでぃー（めでぃあ）
,芝刈り機（家庭用）,許可業者に処理を依頼してください。,し,しばかりき（かていよう）
,シニアカート（手押しタイプ）,,し,しにあかーと（ておしたいぷ）
もえるごみ,シャベル（プラスチック製）,,し,しゃべる（ぷらすちっくせい）
その他金属,シャベル（小型金属製）,,し,しゃべる（こがたきんぞくせい）
うめたてごみ,消臭剤の容器（陶器製）,,し,しょうしゅうざいのようき（とうき）
もえるごみ,ＣＤのケース（プラスチック製）,,し,しーでぃーのけーす（ぷらすちっくせい）
プラスチック製容器包装,消臭剤の容器（プラスチック製）,,し,しょうしゅうざいのようき（ぷらすちっくせい）
その他金属,食器洗い機（食器乾燥機能付）,,し,しょっきあらいき（しょっきかんそうきのうつき）
その他金属,照明器具（電球・蛍光管除く）,蛍光管は箱に入れて有害ごみ、白熱電球はうめたてごみ、かさ等は分解後、もえるごみとして出してください。,し,しょうめいきぐ（でんきゅう・けいこうかんをのぞく）
うめたてごみ,磁石,,じ,じしゃく
その他金属,自転車,タイヤ、チューブ、サドル等はついたまま出せます。,じ,じてんしゃ
,自動車,販売店、整備業者、解体業者へ依頼してください。（１2ページ参照,じ,じどうしゃ
,じゅうたん,６畳以上の物は半分に切って、クリーンセンターへ持ち込んでください。,じ,じゅうたん
その他金属,除湿器,,じ,じょしつき
その他金属,充電器,,じ,じゅうでんき
うめたてごみ,浄水器,指定袋に入らない場合はクリーンセンターへ持ち込んでください。,じ,じょうすいき
,除草剤,購入先または許可業者へ処理を依頼してください。,じ,じょそうざい
その他金属,ジューサーミキサー,,じ,じゅーさーみきさー
有害ごみ,充電式電池,,じ,じゅうでんしきでんち
その他金属,ジョウロ（金属製）,,じ,じょうろ（きんぞくせい）
もえるごみ,ジョウロ（プラスチック製）,指定袋に入らない場合はクリーンセンターへ持ち込んでください。,じ,じょうろ（ぷらすちっくせい）
,自動車用キャリア（スキーキャリア）,金属製の場合は、許可業者に処理を依頼してください。プラスチック製の場合はクリーンセンターへ持ち込んでください。,じ,じどうしゃきゃりあ（すきーきゃりあ）
,砂,許可業者に処理を依頼してください。,す,すな
有害ごみ,炭,焼却灰は有害ごみとして、クリーンセンターへ持ち込んでください。もえがらのある灰はもえるごみです。,す,すみ
うめたてごみ,すずり,,す,すずり
,すだれ,,す,すだれ
その他金属,水筒（ステンレス製）,外側、内側がステンレス製のものに限ります。,す,すいとう
もえるごみ,水筒（プラスチック製）,,す,すいとう
衣類（綿製品）,スカート,汚れ、破損のあるものは、もえるごみで出してください。,す,すかーと
その他金属,スコップ,,す,すこっぷ
その他金属,ステレオ,,す,すてれお
うめたてごみ,すり鉢,,す,すりばち
その他金属,炊飯器,小型家電類で出してください。,す,すいはんき
その他金属,スキャナー,小型家電類で出してください。,す,すきゃなー
その他金属,スピーカー,,す,すぴーかー
うめたてごみ,スケート靴,靴と刃が分離できれば、それぞれもえるごみと、その他金属で出してください。,す,すけーとぐつ
缶類,スチール缶,,す,すちーるかん
缶類,スプレー缶,中身を使いきってから、火の気のない屋外で、穴あけ道具等を使ってガスを抜いて、ステーションの回収容器に入れてください。,す,すぷれーかん
,スーツケース,,す,すーつけーす
,スケートボード,,す,すけーとぼーど
,スノーボード板,,す,すのーぼーどいた
もえるごみ,スーツ（背広）,,す,すーつ（せびろ）
,すのこ（木製）,板状にしてクリーンセンターへ持ち込んでください。,す,すのこ（もくせい）
もえるごみ,すのこ（マット製）,,す,すのこ（まっとせい）
その他金属,スプーン（金属）,,す,すぷーん（きんぞく）
有害ごみ,水銀入り体温計,透明な袋に入れて出してください。,す,すいぎんいりたいおんけい
,すべり台（幼児用）,許可業者に処理を依頼してください。,す,すべりだい（ようじよう）
もえるごみ,スプーン（プラスチック製）,,す,すぷーん（ぷらすちっくせい）
,スキー板・ストック・スキー靴,,す,すきーいた・すとっく・すきーくつ
うめたてごみ,水槽（ガラス・プラスチック製）,,す,すいそう（がらす・ぷらすちっくせい）
うめたてごみ,水・油性マジックペン（金属製）,,す,すい・ゆせいまじっくぺん（きんぞくせい）
,スティック（マレット・ゲートボール用）,,す,すてぃっく（まれっと・げーとぼーるよう）
もえるごみ,水・油性マジックペン（プラスチック製）,,す,すい・ゆせいまじっくぺん（ぷらすちっくせい）
その他金属,ズボンプレッサー,,ず,ずぼんぷれっさー
もえるごみ,生花,,せ,せいか
,石油,販売店または許可業者へ依頼してください。,せ,せきゆ
うめたてごみ,せともの,,せ,せともの
,セメント,許可業者に処理を依頼してください。,せ,せめんと
その他金属,扇風機,,せ,せんぷうき
,洗面台,許可業者に処理を依頼してください。,せ,せんめんだい
,石膏ボード,許可業者に処理を依頼してください。,せ,せっこうぼーど
もえるごみ,線香の箱,（臭いがついているため,せ,せんこうのはこ
もえるごみ,石鹸の外箱,（臭いがついているため,せ,せっけんのそとばこ
,洗濯機（家庭用）,家電リサイクル法対象家電（11ページ参照,せ,せんたくき（かていよう）
その他金属,栓抜き（金属製）,,せ,せんぬき（きんぞくせい）
もえるごみ,洗濯洗剤の紙箱,（臭いがついているため,せ,せんたくせんざいのかみばこ
その他金属,洗面器（金属製）,,せ,せんめんき（きんぞくせい）
もえるごみ,石鹸の個袋（紙製）,（臭いがついているため,せ,せっけんのこそう（かみせい）
もえるごみ,洗面器（プラスチック製）,,せ,せんめんき（ぷらすちっくせい）
もえるごみ,洗濯ばさみ（プラスチック製）,金属製のものは、その他金属で出してください。,せ,せんたくばさみ（ぷらすちっくせい）
,洗濯物干し竿（金属製）,許可業者に処理を依頼してください。,せ,せんたくものほしざお（きんぞくせい）
プラスチック製容器包装,洗濯洗剤の容器（プラスチック製）,使い切って出してください。,せ,せんたくせんざいのようき（ぷらすちっくせい）
その他金属,掃除機,,そ,そうじき
,ソファー,許可業者に処理を依頼してください。,そ,そふぁー
もえるごみ,そろばん,,そ,そろばん
うめたてごみ,双眼鏡,,そ,そうがんきょう
,そり（プラスチック製）,,そ,そり（ぷらすちっくせい）
もえるごみ,造花,,ぞ,ぞうか
せん定木・落ち葉,竹,,た,たけ
,タイヤ,販売店、または許可業者に処理を依頼してください。,た,たいや
うめたてごみ,タイル,,た,たいる
,畳,１日８枚までクリーンセンターに持ち込めます。それ以外は許可業者に処理を依頼してください。,た,たたみ
,タンス,許可業者に処理を依頼するか、板状にした場合はクリーンセンターに持ち込んでください。,た,たんす
その他金属,体重計,,た,たいじゅうけい
その他金属,たらい（ブリキ製）,,た,たらい（ぶりきせい）
うめたてごみ,ライター（使いきり型）,ガスは使い切ってください。,た,たいたー（つかいきり）
うめたてごみ,たわし（金属製）,,た,たわし（きんぞくせい）
もえるごみ,たらい（プラスチック製）,指定袋に入らない場合はクリーンセンターへ持ち込んでください。,た,たらい（ぷらすちっくせい）
有害ごみ,体温計（水銀式）,,た,たいおんけい（すいぎんしき）
うめたてごみ,体温計（デジタル式）,,た,たいおんけい（でじたるしき）
その他金属,タイヤチェーン（金属製）,,た,たいやちぇーん（きんぞくせい）
もえるごみ,たわし（亀の子・ビニール製）,,た,たわし（かめのこ・びにーるせい）
,太陽熱温水器（屋根置き）,販売店、または許可業者に処理を依頼してください。,た,たいようねつおんすいき（やねおき）
もえるごみ,タッパー（密閉式プラスチック容器）,,た,たっぱー（みっぺいしきぷらすちっくようき）
,タイヤチェーン（ゴム製・プラスチック製）,,た,たいやちぇーん（ごむせい・ぷらすちっくせい）
紙類,ダンボール,,だ,だんぼーる
もえるごみ,脱臭剤,,だ,だっしゅうざい
うめたてごみ,茶わん,,ち,ちゃわん
,注射器,特別な処理をするごみとなります。医師あるいは販売店へ相談してください。,ち,ちゅうしゃき
,注射針,特別な処理をするごみとなります。医師あるいは販売店へ相談してください。,ち,ちゅうしゃばり
,チャイルドシート,,ち,ちゃいるどしーと
びん類,調味料容器（ガラス製）,,ち,ちょうみりょうようき（がらすせい）
もえるごみ,積み木,,つ,つみき
,漬物石,許可業者に処理を依頼してください。,つ,つけものいし
もえるごみ,使い捨てカイロ,,つ,つかいすてかいろ
うめたてごみ,使い捨てライター,中のガスを完全に使い切ってください。,つ,つかいすてらいたー
,机（木製）,許可業者に処理を依頼するか、板状にした場合はクリーンセンターに持ち込んでください。,つ,つくえ（もくひょう）
,机（金属製）,許可業者に処理を依頼してください。,つ,つくえ（きんぞくせい）
その他金属,爪切り（金属製）,,つ,つめきり（きんぞくせい）
,テント,許可業者に処理を依頼してください。,て,てんと
その他金属,鉄筋,,て,てっきん
その他金属,鉄瓶,,て,てつびん
その他金属,テレビゲーム,,て,てれびげーむ
,テレビ（液晶）,家電リサイクル法対象家電（11ページ参照,て,てれび（えきしょう）
,テーブル（木製）,許可業者に処理を依頼するか、板状にした場合はクリーンセンターに持ち込んでください。,て,てーぶる（もくせい）
,テレビ台（木製）,許可業者に処理を依頼するか、板状にした場合はクリーンセンターに持ち込んでください。,て,てれびだい（もくせい）
,テレビ（ブラウン管）,家電リサイクル法対象家電（11ページ参照,て,てれび（ぶらうんかん）
,テレビ台（金属製）,許可業者に処理を依頼してください。,て,てれびだい（きんぞくせい）
その他金属,鉄板（バーベキュー用等）,１ｍ以上のものは許可業者に処理を依頼してください。,て,てっぱん（ばーべきゅーよう）
有害ごみ,電池,乾電池、マンガン電池、アルカリ電池、リチウム電池（コイン型を含む）、ボタン電池,で,でんち
うめたてごみ,電卓,電池を取り外して出してください。,で,でんたく
その他金属,電気釜,,で,でんきがま
その他金属,電気コード,,で,でんきこーど
その他金属,電気ポット,,で,でんきぽっと
その他金属,電子レンジ,,で,でんしれんじ
紙類,電話帳,ＮＴＴの回収に出すか、雑誌の分類で出してください。,で,でんわちょう
その他金属,電気かみそり,,で,でんきかみそり
その他金属,電気スタンド,,で,でんきすたんど
,電子オルガン,許可業者に処理を依頼してください。,で,でんしおるがん
その他金属,電動工具,,で,でんどうこうぐ
その他金属,電気カーペット,コントローラー部は小型家電類として出してください。カーペット部はクリーンセンターへ持ち込んでください。,で,でんきかーぺっと
,電動車椅子,許可業者または販売店に処理を依頼してください。,で,でんどうくるまいす
その他金属,電話機（家庭用）,電池を取り外して出してください。,で,でんわき（かていよう）
その他金属,ＤＶＤプレイヤー,,で,でぃーぶいでぃーぷれいやー
,電気温水器（タンク）,許可業者に処理を依頼してください。,で,でんきおんすいき（たんく）
有害ごみ,電球型蛍光管,,で,でんきゅうがたけいこうかん
,電動アシスト自転車,許可業者または販売店に処理を依頼してください。,で,でんどうあしすとじてんしゃ
もえるごみ,ＤＶＤ（メディア）,,で,でぃーぶいでぃー（めでぃあ）
その他金属,電気毛布・敷布（コントローラー部）,,で,でんきもうふ・しきふ（こんとろーらぶ）
もえるごみ,ＤＶＤのケース（プラスチック製）,,で,でぃーぶいでぃーのけーす（ぷらすちっくせい）
うめたてごみ,電球（電球型蛍光管を除く）,中がフィラメント状のものに限ります。,で,でんきゅう（でんきゅうがたけいこうかんをのぞく）
,灯油,許可業者に処理を依頼してください。,と,とうゆ
,戸棚,許可業者に処理を依頼してください。,と,とだな
うめたてごみ,陶磁器,指定袋に入らない場合は、クリーンセンターへ持ち込んでください。,と,とうじき
その他金属,鳥かご,,と,とりかご
,塗料,許可業者に処理を依頼してください。,と,とりょう
その他金属,トースター,,と,とーすたー
缶類,塗料の缶,残りが取れない場合は、うめたてごみで出してください。,と,とりょうのかん
うめたてごみ,時計（腕時計）,電池を取り外して出してください。,と,とけい（うでどけい）
プラスチック製容器包装,トレイの包装ラップ,汚れが取れないものは、もえるごみで出してください。,と,とれいのほうそうらっぷ
紙類,トイレットペーパーの芯,その他紙類の分類で出してください。,と,といれっとぺーぱーのしん
もえるごみ,トレイの吸水シート,,と,とれいのきゅうすいしーと
もえるごみ,トロフィー（プラスチック製）,指定袋に入らない場合は、クリーンセンターへ持ち込んでください。,と,とろふぃー（ぷらすちっくせい）
うめたてごみ,時計（柱・壁掛け・置き）,電池を取り外して出してください。,と,とけい（はしら・かべかけ・おき）
プラスチック製容器包装,トレイ（発泡スチロール・プラスチック製）,スーパー等の店頭回収へも出せます。,と,とれい（はっぽうすちろーる・ぷらすちっくせい）
,土砂,許可業者に処理を依頼してください。,ど,どしゃ
うめたてごみ,土鍋,指定袋に入らない場合はクリーンセンターへ持ち込んでください。,ど,どなべ
その他金属,ドライヤー,,ど,どらいやー
,ドラム缶,許可業者に処理を依頼してください。,ど,どらむかん
,動物の死体,ビニール袋に入れ、長さ５０ｃｍ×幅３４ｃｍ×高さ２１ｃｍのダンボール箱に入れクリーンセンターへ持ち込んでください。,ど,どうぶつのしたい
その他金属,なべ,,な,なべ
もえるごみ,縄,指定袋に入らないものは、クリーンセンターへ持ち込んでください。,な,なわ
その他金属,ナイフ,,な,ないふ
もえるごみ,長靴,,な,ながぐつ
,流し台,許可業者へ処理を依頼してください。,な,ながしだい
,波板（トタン板）,許可業者に持ち込んでください。,な,なみいた（とたんいた）
,波板（塩ビ系のもの）,１日８枚までクリーンセンターに持ち込めます。それ以外は許可業者に処理を依頼してください。,な,なみいた（えんびけいのもの）
うめたてごみ,人形のケース（ガラス製）,指定袋に入らないものは、クリーンセンターへ持ち込んでください。,に,にんぎょうのけーす（がらすせい）
もえるごみ,人形（布製・プラスチック製）,指定袋に入らないものは、クリーンセンターへ持ち込んでください。,に,にんぎょう（ぬのせい・ぷらすちっくせい）
もえるごみ,ぬいぐるみ,指定袋に入らないものは、クリーンセンターへ持ち込んでください。,ぬ,ぬいぐるみ
もえるごみ,寝袋,指定袋に入らない場合は、クリーンセンターへ持ち込んでください。,ね,ねぶくろ
,燃料,購入先、または許可業者へ処理を依頼してください。,ね,ねんりょう
もえるごみ,猫の砂（砂）,汚物は、し尿として処理し、砂を一回に出す量は小分けして出してください。,ね,ねこのすな（すな）
その他金属,ネジ（金属製）,缶などにまとめて入れ、内容を明記して出してください。,ね,ねじ（きんぞくせい）
もえるごみ,粘土（教材用）,,ね,ねんど（きょうざいよう）
,農薬,購入先、または許可業者へ処理を依頼してください。,の,のうやく
その他金属,のこぎり,,の,のこぎり
,農薬の缶,購入先、または許可業者へ処理を依頼してください。,の,のうやくのかん
,農薬のびん,購入先、または許可業者へ処理を依頼してください。,の,のうやくのびん
,農業用ビニール,購入先、または許可業者へ処理を依頼してください。,の,のうぎょうようびにーる
,農機具（機械全て）,購入先、または許可業者へ処理を依頼してください。,の,のうきぐ（きかいすべて）
有害ごみ,灰,クリーンセンターへ持ち込んでください。,は,はい
その他金属,針,,は,はり
その他金属,はさみ,,は,はさみ
衣類（綿製品）,肌着,,は,はだぎ
,花火（未使用のもの）,一度水につけ、クリーンセンターへ持ち込んでください。,は,はなび
もえるごみ,花火（使用済みのもの）,一度水につけ、完全に消化を確認して出してください。,は,はなび
その他金属,刃物,,は,はもの
その他金属,針金,,は,はりがね
,発煙筒,許可業者に処理を依頼してください。,は,はつえんとう
もえるごみ,ハンドバック,,は,はんどばっく
,はしご（木製）,許可業者に依頼するか、１メートル以内にこわした場合はクリーンセンターへ持ち込んでください。,は,はしご（もくせい）
プラスチック製容器包装,発泡スチロール類,汚れたものは壊してクリーンセンターへ持ち込んでください。,は,はっぽうすちろーる
その他金属,はかり（金属製）,家庭用の小型軽量はかりに限ります。,は,はかり（きんぞくせい）
,はしご（金属製）,許可業者へ処理を依頼してください。,は,はしご（きんぞくせい）
うめたてごみ,はかり（複合素材）,指定袋に入らない場合は、クリーンセンターへ持ち込んでください。,は,はかり（ふくごうそざい）
その他金属,ハーモニカ（金属製）,,は,はーもにか（きんぞくせい）
その他金属,ハンガー（針金・金属製）,被覆してあるビニールは取り除く必要はありません。,は,はんがー（はりがね・きんぞくせい）
もえるごみ,ハンガー（プラスチック・木製）,,は,はんがー（ぷらすちっく・もくせい）
,バイク,販売店に処理を依頼してください。（１２ページ参照,ば,ばいく
衣類（綿製品）,バスタオル,,ば,ばすたおる
その他金属,バット（金属）,,ば,ばっと（きんぞく）
,バット（木製）,,ば,ばっど（もくせい）
その他金属,バケツ（金属製）,,ば,ばけつ（きんぞくせい）
もえるごみ,バケツ（プラスチック製）,指定袋に入らない場合は、クリーンセンターへ持ち込んでください。,ば,ばけつ（ぷらすちっくせい）
有害ごみ,バッテリー（充電式）,,ば,ばってりー（じゅうでんしき）
,バッテリー（バイクや自動車）,販売店に処理を依頼してください。,ば,ばってりー（ばいくやじどうしゃ）
衣類（綿製品）,パジャマ,,ぱ,ぱじゃま
その他金属,パイプイス,,ぱ,ぱいぷいす
紙類,パンフレット,本、雑誌の区分として、しばって出してください。,ぱ,ぱんふれっと
,パソコン（ノート・デスクトップ）,各製造メーカーにお問合せください（12ページ参照,ぱ,ぱそこん（のーと・ですくとっぷ）
うめたてごみ,火鉢,指定袋に入らない場合は、クリーンセンターへ持ち込んでください。,ひ,ひおけ
紙類,百科事典,雑誌の区分として出してください。布張りなどの表紙は取り除いて、もえるごみとして出してください。,ひ,ひゃっかじてん
,肥料袋（農業用）,許可業者に処理を依頼してください。,ひ,ひりょうぶくろ（のうぎょうよう）
もえるごみ,肥料袋（家庭菜園用に限る）,,ひ,ひりょうぶくろ（かていさいえんようにかぎる）
びん類,ビールびん,,び,びーるびん
その他金属,ビデオカメラ,,び,びでおかめら
もえるごみ,ビデオテープ,,び,びでおてーぷ
その他金属,ビデオデッキ,,び,びでおでっき
その他金属,ビールびんの栓,,び,びーるびんのせん
,ビニールハウスのパイプ,許可業者へ持ち込んでください。,び,びにーるはうすのぱいぷ
,ピアノ,販売店、または許可業者に処理を依頼してください。,ぴ,ぴあの
,布団,クリーンセンターへ持ち込んでください。,ふ,ふとん
,風呂釜,許可業者に処理を依頼してください。,ふ,ふろがま
その他金属,フライパン,,ふ,ふらいぱん
衣類（綿製品）,布団カバー,,ふ,ふとんかばー
もえるごみ,風呂のマット,指定袋に入らないものは、クリーンセンターへ持ち込んでください。,ふ,ふろのまっと
その他金属,フィルム（ネガ）,外側金属部はその他金属）で、中のフィルムはもえるごみとして出してください。,ふ,ふぃるむ（ねが）
その他金属,ファックス本体,,ふ,ふぁっくすほんたい
紙類,フィルムの外箱,その他紙類の分類で出してください。,ふ,ふぃるむのそとばこ
もえるごみ,フロッピーディスク,金属部はその他金属）で出してください。,ふ,ふろっぴーでぃすく
,風呂のふた（木製）,許可業者に依頼するか、板状にしてクリーンセンターへ持ち込んでください。,ふ,ふろのふた（もくせい）
プラスチック製容器包装,フィルムの筒型ケース,,ふ,ふぃるむのつつがたけーす
その他金属,フォーク（金属製）,,ふ,ふぉーく（きんぞくせい）
紙類,ファックス用紙（普通紙）,その他紙類の分類で出してください。,ふ,ふぁっくすようし（ふつうし）
もえるごみ,フォーク（プラスチック製）,,ふ,ふぉーく（ぷらすちっくせい）
もえるごみ,ファックス用紙（感熱紙）,,ふ,ふぁっくすようし（かんねつし）
その他金属,ファンヒーター（石油・ガス）,必ず灯油を抜いて出してください。サイズを確認してください。（５ページ参照,ふ,ふぁんひーたー（せきゆ・がす）
,風呂のふた（プラスチック製）,,ふ,ふろのふた（ぷらすちっくせい）
その他金属,噴霧器（金属製手動式）,,ふ,ふんむき（きんぞくせいしゅどうしき）
,ブルーシート,,ぶ,ぶるーしーと
,ブラインド（金属製）,許可業者へ持ち込んでください。,ぶ,ぶらいんど（きんぞくせい）
,ブロック（コンクリート製）,許可業者に処理を依頼してください。,ぶ,ぶろっく（こんくりーとせい）
その他金属,プリンター,,ぷ,ぷりんたー
,プロパンガスボンベ,販売店に処理を依頼してください。,ぷ,ぷろぱんぼんべ
もえるごみ,プランター（園芸用）,指定袋に入らない場合は、クリーンセンターへ持ち込んでください。,ぷ,ぷらんたー（えんげいよう）
その他金属,ヘッドホン,,へ,へっどほん
その他金属,ヘルスメーター,,へ,へるすめーたー
もえるごみ,ヘアブラシ（プラスチック製）,,へ,へあぶらし（ぷらすちっくせい）
うめたてごみ,ヘルメット（バイク・自転車用）,,へ,へるめっと（ばいく・じどうしゃ）
,ベッド,許可業者に処理を依頼してください。,べ,べっど
もえるごみ,ベルト,金具は取り除きその他金属で出してください。,べ,べると
,便器,許可業者に処理を依頼してください。,べ,べんき
,ベビーカー,,べ,べびーかー
,ベッド（マット）,許可業者に処理を依頼してください。,べ,べっど（まっと）
その他金属,便座（電気）,,べ,べんざ（でんき）
,ペンキ,許可業者に処理を依頼してください。,ぺ,ぺんき
缶類,ペンキの空き缶,内容物をふき取り、缶類としてステーションの回収容器へ入れてください。,ぺ,ぺんきのかきかん
もえるごみ,ホース,指定袋に入らない場合は、クリーンセンターへ持ち込んでください。,ほ,ほーす
その他金属,包丁,,ほ,ほうちょう
もえるごみ,保冷剤,,ほ,ほれいざい
その他金属,ホーローなべ,,ほ,ほーろーなべ
その他金属,ホットプレート,,ほ,ほっとぷれーと
その他金属,ホットカーペット,コントローラー部は小型家電類として出してください。カーペット部はもえるごみとして出してください。,ほ,ほっとかーぺっと
うめたてごみ,保温ランチジャー,指定袋に入らない場合は、クリーンセンターへ持ち込んでください。,ほ,ほおんらんちじゃー
うめたてごみ,哺乳びん（ガラス製）,,ほ,ほにゅうびん（がらすせい）
その他金属,ホイールキャップ（金属製）,,ほ,ほいーるきゃっぷ（きんぞくせい）
もえるごみ,哺乳びん（プラスチック製）,,ほ,ほにゅうびん（ぷらすちっくせい）
もえるごみ,ホイールキャップ（プラスチック製）,指定袋に入らない場合は、クリーンセンターへ持ち込んでください。,ほ,ほいーるきゃっぷ（ぷらすちっくせい）
もえるごみ,ほうき（木製・プラスチック製）,指定袋に入らない場合は、クリーンセンターへ持ち込んでください。,ほ,ほうき（もくせい・ぷらすちっくせい）
その他金属,ホイール（車用）（鉄・アルミ製）,タイヤを外して出してください。タイヤを外せない場合は、販売店または許可業者へ処理を依頼してください。,ほ,ほいーる（くるまよう）（てつ・あるみせい）
,ボイラー,許可業者に処理を依頼してください。,ぼ,ぼいらー
,ボーリングの玉,,ぼ,ぼーりんぐのたま
もえるごみ,ボール（野球・バレーボール等）,指定袋に入らない場合は、クリーンセンターへ持ち込んでください。,ぼ,ぼーる（やきゅう・ばれーぼーるなど）
,ポリタンク,,ぽ,ぽりたんく
衣類（綿製品）,ポロシャツ,,ぽ,ぽろしゃつ
,ポータブルトイレ,,ぽ,ぽーたぶるといれ
うめたてごみ,ポット（中ガラス）,,ぽ,ぽっと（なかがらす）
その他金属,ポット（中ステンレス）,外側が金属で中がステンレスのものに限ります。,ぽ,ぽっと（なかすてんれす）
その他金属,ポンプ（金属製自転車用）,,ぽ,ぽんぷ（きんぞくせいじてんしゃよう）
うめたてごみ,マイク,,ま,まいく
もえるごみ,まくら,指定袋に入らないものは、クリーンセンターへ持ち込んでください。,ま,まくら
もえるごみ,マットレス,指定袋に入らないものは、クリーンセンターへ持ち込んでください。,ま,まっとれす
うめたてごみ,魔法瓶,,ま,まほうびん
衣類（綿製品）,まくらカバー,,ま,まくらかばー
,マッサージ機（大型）,許可業者に処理を依頼してください。,ま,まっさーじき
うめたてごみ,万年筆,,ま,まんねんひつ
うめたてごみ,豆電球,,ま,まめでんきゅう
うめたてごみ,マージャンパイ,,ま,まーじゃんぱい
びん類,マニキュアのびん,必ず使い切ってください。汚れの取れない場合は、うめたてごみで出してください。,ま,まにきゅあのびん
もえるごみ,まな板（木製）,指定袋に入らないものは、クリーンセンターへ持ち込んでください。,ま,まないた（もくせい）
うめたてごみ,マグネット（磁石）,,ま,まぐねっと（じしゃく）
もえるごみ,まな板（プラスチック製）,指定袋に入らないものは、クリーンセンターへ持ち込んでください。,ま,まないた（ぷらすちっくせい）
もえるごみ,マルチ（家庭菜園用に限る）,,ま,まるち（かていさいえんようにかぎる）
その他金属,ミキサー,,み,みきさー
その他金属,ミシン（電動）,,み,みしん（でんどう）
,むしろ,,む,むしろ
うめたてごみ,めがね,,め,めがね
紙類,メモ紙,その他紙類の分類で出してください。,め,めもがみ
衣類（綿製品）,毛布,,も,もうふ
その他金属,もちつき機,,も,もちつきき
,物干し用ブロック,許可業者に処理を依頼してください。,も,ものほしようぶろっく
,物干し竿（金属製）,許可業者に処理を依頼してください。,も,ものほしざお（きんぞくせい）
その他金属,やかん,,や,やかん
,ゆりかご,,ゆ,ゆりかご
衣類（綿製品）,浴衣（ゆかた）,,ゆ,ゆかた（ゆかた）
その他金属,ゆたんぽ（金属製）,,ゆ,ゆたんぽ（きんぞくせい）
,雪かき（プラスチック製）,,ゆ,ゆきかき（ぷらすちっくせい）
もえるごみ,ゆたんぽ（プラスチック製）,指定袋に入らないものは、クリーンセンターへ持ち込んでください。,ゆ,ゆたんぽ（ぷらすちっくせい）
,よしず,,よ,よしず
,浴槽,許可業者に処理を依頼してください。,よ,よくそう
,洋服ダンス,許可業者に処理を依頼するか、板状にした場合はクリーンセンターに持ち込んでください。,よ,ようふくだんす
その他金属,ラジオ,,ら,らじお
もえるごみ,油（ラード・動物性）,固めるか、布、紙等に染み込ませてもえるごみで出してください。,ら,らーど
その他金属,ラジカセ,,ら,らじかせ
もえるごみ,ランドセル,,ら,らんどせる
その他金属,ランチジャー,,ら,らんちじゃー
もえるごみ,ラケット（木製）,,ら,らけっと（もくせい）
その他金属,ライター（金属製）,ガスは使い切ってください。,ら,らいたー（きんぞくせい）
その他金属,ラケット（金属製）,,ら,らけっと（きんぞくせい）
もえるごみ,リュックサック,,り,りゅっくさっく
その他金属,リール（釣具）,,り,りーる（つりぐ）
うめたてごみ,リモコン（テレビ用等）,,り,りもこん（てれびよう）
プラスチック製容器包装,調味料容器（プラスチック製）,,り,りょうみりょうようき（ぷらすちっくせい）
,レンガ,許可業者に処理を依頼してください。,れ,れんが
うめたてごみ,レンズ,,れ,れんず
プラスチック製容器包装,レジ袋,,れ,れじぶくろ
もえるごみ,レインコート,,れ,れいんこーと
もえるごみ,レコード盤,,れ,れこーどばん
もえるごみ,レジャーシート,,れ,れじゃーしーと
もえるごみ,冷凍保存パック,,れ,れいとうほぞんぱっく
,冷蔵庫（家庭用）,家電リサイクル法対象家電（11ページ参照,れ,れいぞうこ（かていよう）
,冷凍庫（家庭用）,家電リサイクル法対象家電（11ページ参照,れ,れいとうこ（かていよう）
もえるごみ,ロープ,長さ５０ｃｍ程度に切断して、出してください。,ろ,ろーぷ
うめたてごみ,ローラースケート,,ろ,ろーらすけーと
その他金属,ワイヤー,,わ,わいやー
その他金属,ワープロ,,わ,わーぷろ
衣類（綿製品）,ワイシャツ,,わ,わいしゃつ
衣類（綿製品）,ワンピース,,わ,わんぴーす
うめたてごみ,割れたガラスびん,,わ,われたがらすびん